Residue_Num	Mature_res_num	Residue	Domain	Antigen	Activity	2D	Mut cost	RASA
2192	2173	S	C2	14.8	19.3	T	ACC	P
2193	2174	C	C2	2.2	9.3	T	FAV	P
2194	2175	S	C2	319.5	105	T	ACC	P
2195	2176	M	C2	23.9	43.8	T	FOR	P
2196	2177	P	C2	76.1	124.5	B	FAV	P
2197	2178	L	C2	4.1	26.3	C	FOR	P
2198	2179	G	C2	3.9	10	T	FOR	B
2199	2180	M	C2	0.5	16.7	T	FOR	B
2200	2181	E	C2	58.7	69.2	T	FOR	P
2201	2182	S	C2	37.4	85.3	T	ACC	E
2202	2183	K	C2	54.5	113	T	FOR	E
2203	2184	A	C2	100	100	T	WT	E
2204	2185	I	C2	8.5	12.3	T	FOR	B
2205	2186	S	C2	72.3	94	T	ACC	E
2206	2187	D	C2	5	22.8	T	FOR	E
2207	2188	A	C2	100	100	T	WT	E
2208	2189	Q	C2	31	66.2	T	FOR	P
2209	2190	I	C2	0	15.8	E	FOR	B
2210	2191	T	C2	96.6	139.3	E	ACC	E
2211	2192	A	C2	100	100	E	WT	P
2212	2193	S	C2	0.8	8.7	T	ACC	P
2213	2194	S	C2	1	7.5	T	FAV	P
2214	2195	Y	C2	46.4	69.2	T	FOR	P
2215	2196	F	C2	103	121.3	C	FOR	P
2216	2197	T	C2	48.3	57.3	B	ACC	P
2217	2198	N	C2	90.7	45.1	T	FOR	E
2218	2199	M	C2	171.4	105.8	T	ACC	E
2219	2200	F	C2	306.9	98.6	T	ACC	E
2220	2201	A	C2	100	100	T	WT	P
2221	2202	T	C2	53	64.9	B	ACC	E
2222	2203	W	C2	0	21.5	T	FOR	B
2223	2204	S	C2	61.1	80.8	T	ACC	P
2224	2205	P	C2	52.6	91	G	ACC	B
2225	2206	S	C2	66.8	93	G	FAV	P
2226	2207	K	C2	NA	NA	G	FOR	P
2227	2208	A	C2	100	100	T	WT	B
2228	2209	R	C2	4.3	9.8	T	FOR	B
2229	2210	L	C2	3.9	16.5	T	FOR	P
2230	2211	H	C2	2.9	6.1	T	FAV	P
2231	2212	L	C2	89.8	147.3	T	FOR	P
2232	2213	Q	C2	90	187	C	FOR	E
2233	2214	G	C2	40.5	72	T	FOR	E
2234	2215	R	C2	282.6	137.7	T	FOR	E
2235	2216	S	C2	NA	NA	T	FAV	P
2236	2217	N	C2	93.4	151.3	T	FOR	B
2237	2218	A	C2	100	100	C	WT	B
2238	2219	W	C2	2.9	6.4	B	FOR	B
2239	2220	R	C2	2.9	5.7	C	FOR	P
2240	2221	P	C2	28.5	61.8	T	ACC	B
2241	2222	Q	C2	91	141	T	FOR	E
2242	2223	V	C2	NA	NA	T	FAV	E
2243	2224	N	C2	3.5	27.3	T	FOR	P
2244	2225	N	C2	18.2	94	T	FOR	P
2245	2226	P	C2	39.6	72	T	FAV	E
2246	2227	K	C2	20.5	44.3	T	FAV	E
2247	2228	E	C2	5.2	17.1	T	FOR	P
2248	2229	W	C2	4.2	7.3	C	FOR	P
2249	2230	L	C2	3.9	14.8	E	FOR	B
2250	2231	Q	C2	25.4	49.7	E	FOR	P
2251	2232	V	C2	2.4	16.5	E	FOR	B
2252	2233	D	C2	6.3	13	E	FOR	P
2253	2234	F	C2	1.2	10	E	FOR	B
2254	2235	Q	C2	47.1	57	E	FOR	E
2255	2236	K	C2	39.8	45.3	E	FOR	P
2256	2237	T	C2	3.8	9	E	ACC	B
2257	2238	M	C2	10.6	31.5	E	FOR	P
2258	2239	K	C2	45.3	59	E	FOR	P
2259	2240	V	C2	2.7	14	E	FOR	B
2260	2241	T	C2	26.2	43	E	ACC	P
2261	2242	G	C2	31.9	71	E	FOR	B
2262	2243	V	C2	3.2	13.8	E	FOR	B
2263	2244	T	C2	61.2	116.3	E	ACC	P
2264	2245	T	C2	5.6	9.5	E	FOR	B
2265	2246	Q	C2	0	18.5	C	FOR	B
2266	2247	G	C2	1.6	10.5	C	FOR	B
2267	2248	V	C2	17.6	31.3	E	FAV	B
2268	2249	K	C2	NA	NA	E	ACC	P
2269	2250	S	C2	68.7	87.3	T	ACC	P
2270	2251	L	C2	262.3	131.3	T	ACC	E
2271	2252	L	C2	297.9	132	T	ACC	E
2272	2253	T	C2	39.2	77.7	T	ACC	E
2273	2254	S	C2	0	17	E	ACC	P
2274	2255	M	C2	11.3	29.5	E	FOR	B
2275	2256	Y	C2	41.4	62.5	C	FOR	P
2276	2257	V	C2	2.5	18	E	FOR	B
2277	2258	K	C2	55.5	65	E	FOR	P
2278	2259	E	C2	19.3	44.8	E	FOR	P
2279	2260	F	C2	2.7	8.8	E	FOR	B
2280	2261	L	C2	36	115	E	FOR	P
2281	2262	I	C2	3.4	10.3	E	ACC	B
2282	2263	S	C2	36.4	81.7	E	FAV	B
2283	2264	S	C2	42.7	60.3	E	FAV	P
2284	2265	S	C2	1.6	11.5	E	FAV	B
2285	2266	Q	C2	44.7	51	T	FOR	P
2286	2267	D	C2	0.9	13.3	T	FOR	E
2287	2268	G	C2	60.4	104.3	T	FOR	P
2288	2269	H	C2	68.8	82	T	ACC	E
2289	2270	Q	C2	62.8	73.5	T	FOR	E
2290	2271	W	C2	1.8	7.8	C	FOR	P
2291	2272	T	C2	26.3	51	E	ACC	E
2292	2273	L	C2	50	87	E	FOR	P
2293	2274	F	C2	66.9	74.5	C	FOR	P
2294	2275	F	C2	51.3	68.5	B	FOR	P
2295	2276	Q	C2	79.5	14.3	T	FOR	E
2296	2277	N	C2	132.9	98	T	FOR	E
2297	2278	G	C2	175.6	98	T	ACC	P
2298	2279	K	C2	NA	NA	T	FAV	E
2299	2280	V	C2	100.2	87	B	ACC	P
2300	2281	K	C2	111.5	68.1	C	FOR	P
2301	2282	V	C2	120.6	66.3	C	ACC	E
2302	2283	F	C2	2.8	13.5	E	FOR	B
2303	2284	Q	C2	219.5	114	E	FOR	E
2304	2285	G	C2	1.8	10.3	C	FOR	P
2305	2286	N	C2	33.1	49	C	FOR	B
2306	2287	Q	C2	NA	NA	C	FOR	E
2307	2288	D	C2	3.2	12	T	FOR	P
2308	2289	S	C2	125.2	115	T	ACC	P
2309	2290	F	C2	1.4	14.3	T	ACC	E
2310	2291	T	C2	4.3	7.8	T	ACC	E
2311	2292	P	C2	192.8	90.7	C	FAV	P
2312	2293	V	C2	2.6	13.3	E	ACC	P
2313	2294	V	C2	234.9	102.3	E	ACC	E
2314	2295	N	C2	2.9	5.3	E	FOR	P
2315	2296	S	C2	50.9	52.8	E	FAV	P
2316	2297	L	C2	3.4	9.8	E	FOR	P
2317	2298	D	C2	6.2	17.3	E	FOR	E
2318	2299	P	C2	4	10.8	E	FAV	P
2319	2300	P	C2	4.4	14	E	FAV	P
2320	2301	L	C2	4.1	10.6	E	FOR	P
2321	2302	L	C2	2.8	6.9	E	FOR	P
2322	2303	T	C2	0.9	22.3	E	FOR	B
2323	2304	R	C2	28.3	19.9	E	FOR	P
2324	2305	Y	C2	14.6	18	E	FOR	P
2325	2306	L	C2	3.4	6.9	E	FOR	B
2326	2307	R	C2	3.8	10	E	FOR	P
2327	2308	I	C2	3.8	8.3	E	FOR	B
2328	2309	H	C2	2.8	7.5	E	FAV	P
2329	2310	P	C2	NA	NA	E	ACC	B
2330	2311	Q	C2	128.3	114.3	E	FOR	P
2331	2312	S	C2	90.7	102.3	 E	FAV	P
2332	2313	W	C2	3.2	10.3	 E	FOR	P
2333	2314	V	C2	28.3	40.5	 T	FAV	P
2334	2315	H	C2	NA	7.3	 T	FAV	P
2335	2316	Q	C2	NA	158.3	 T	FOR	P
2336	2317	I	C2	NA	64.5	 C	FOR	B
2337	2318	A	C2	NA	100	 C	WT	B
2338	2319	L	C2	NA	7.3	 B	FOR	B
2339	2320	R	C2	NA	2.5	 C	FOR	B
2340	2321	M	C2	NA	58.8	 C	FOR	B
2341	2322	E	C2	NA	7.5	 E	FOR	B
2342	2323	V	C2	NA	10.5	 E	FOR	B
2343	2324	L	C2	NA	80.8	 E	FOR	P
2344	2325	G	C2	NA	4.9	 E	FOR	P
